{
  "train_loss": [
    1.2509,
    1.3419,
    1.4844,
    1.5312,
    1.1654,
    1.2894,
    1.313,
    1.3712,
    1.1182,
    1.1406,
    1.2242,
    1.2438,
    0.8901,
    0.9673,
    1.0235,
    0.9879,
    0.8565,
    0.8517,
    0.8844,
    0.8734,
    0.6914,
    0.7956,
    0.7966,
    0.8482,
    0.7099,
    0.7754,
    0.8808,
    0.7581,
    0.7016,
    0.7465,
    0.7636,
    0.7891,
    0.7272,
    0.752,
    0.7365,
    0.8393,
    0.7961,
    0.6871,
    0.7707,
    0.7375,
    0.6815,
    0.672,
    0.7393,
    0.6644,
    0.6345,
    0.6449,
    0.6891,
    0.737,
    0.6605,
    0.8053,
    0.8161,
    0.7756,
    0.658,
    0.7058,
    0.649,
    0.7754,
    0.7211,
    0.696,
    0.7208,
    0.7548
  ],
  "epoch": [
    0.051118210862619806,
    0.10223642172523961,
    0.15335463258785942,
    0.20447284345047922,
    0.25559105431309903,
    0.30670926517571884,
    0.35782747603833864,
    0.40894568690095845,
    0.46006389776357826,
    0.5111821086261981,
    0.5623003194888179,
    0.6134185303514377,
    0.6645367412140575,
    0.7156549520766773,
    0.7667731629392971,
    0.8178913738019169,
    0.8690095846645367,
    0.9201277955271565,
    0.9712460063897763,
    1.0,
    1.0511182108626198,
    1.1022364217252396,
    1.1533546325878594,
    1.2044728434504792,
    1.255591054313099,
    1.3067092651757188,
    1.3578274760383386,
    1.4089456869009584,
    1.4600638977635783,
    1.511182108626198,
    1.5623003194888179,
    1.6134185303514377,
    1.6645367412140575,
    1.7156549520766773,
    1.766773162939297,
    1.817891373801917,
    1.8690095846645367,
    1.9201277955271565,
    1.9712460063897763,
    2.0,
    2.0511182108626196,
    2.1022364217252396,
    2.1533546325878596,
    2.2044728434504792,
    2.255591054313099,
    2.306709265175719,
    2.357827476038339,
    2.4089456869009584,
    2.460063897763578,
    2.511182108626198,
    2.562300319488818,
    2.6134185303514377,
    2.6645367412140573,
    2.7156549520766773,
    2.7667731629392973,
    2.817891373801917,
    2.8690095846645365,
    2.9201277955271565,
    2.9712460063897765,
    3.0
  ],
  "step": [
    1,
    2,
    3,
    4,
    5,
    6,
    7,
    8,
    9,
    10,
    11,
    12,
    13,
    14,
    15,
    16,
    17,
    18,
    19,
    20,
    21,
    22,
    23,
    24,
    25,
    26,
    27,
    28,
    29,
    30,
    31,
    32,
    33,
    34,
    35,
    36,
    37,
    38,
    39,
    40,
    41,
    42,
    43,
    44,
    45,
    46,
    47,
    48,
    49,
    50,
    51,
    52,
    53,
    54,
    55,
    56,
    57,
    58,
    59,
    60
  ]
}