{
  "train_loss": [
    0.9897,
    0.9885,
    1.0515,
    1.0428,
    1.0673,
    0.9992,
    0.9802,
    1.0371,
    0.9015,
    0.9486,
    1.0105,
    0.6738,
    0.8047,
    0.8059,
    0.7842,
    0.7633,
    0.7637,
    0.823,
    0.6968,
    0.7059,
    0.7957,
    0.8444,
    0.6649,
    0.6963,
    0.6587,
    0.7204,
    0.7574,
    0.7689,
    0.733,
    0.7337,
    0.6646,
    0.6768,
    0.7222,
    0.5975,
    0.6237,
    0.6749,
    0.786,
    0.7805,
    0.6592,
    0.6877,
    0.7107,
    0.675,
    0.6624,
    0.6939,
    0.7015,
    0.6302,
    0.6408,
    0.7609,
    0.6161,
    0.6511,
    0.6868,
    0.655,
    0.6594,
    0.6721,
    0.5659,
    0.6929,
    0.6111,
    0.6142,
    0.7396,
    0.5979,
    0.6432,
    0.6796,
    0.6472,
    0.6814,
    0.6209,
    0.6046,
    0.6186,
    0.5811,
    0.5699,
    0.5933,
    0.5994,
    0.6325,
    0.5852,
    0.6852,
    0.6697,
    0.6346,
    0.6362,
    0.5904,
    0.6148,
    0.6461,
    0.6799,
    0.549,
    0.6319,
    0.6175,
    0.646,
    0.6036,
    0.6118,
    0.6594,
    0.656,
    0.6083,
    0.6121,
    0.6549,
    0.5719,
    0.6931,
    0.6257,
    0.6928,
    0.6255,
    0.5837,
    0.6452,
    0.6153,
    0.6328,
    0.612,
    0.6605,
    0.5547,
    0.5746,
    0.5556,
    0.5916,
    0.5293,
    0.6016,
    0.6126,
    0.6022,
    0.5643,
    0.6405,
    0.623,
    0.6481,
    0.5684,
    0.5895,
    0.6489,
    0.5802,
    0.5621,
    0.6602,
    0.6776,
    0.6348,
    0.6066,
    0.6016,
    0.5861,
    0.5435,
    0.6102,
    0.6229,
    0.5543,
    0.5943,
    0.6505,
    0.6223,
    0.5813,
    0.5608,
    0.5215,
    0.5691,
    0.5885,
    0.5018,
    0.718,
    0.4905,
    0.5687,
    0.5532,
    0.5827
  ],
  "epoch": [
    0.021136063408190225,
    0.04227212681638045,
    0.06340819022457067,
    0.0845442536327609,
    0.10568031704095113,
    0.12681638044914134,
    0.14795244385733158,
    0.1690885072655218,
    0.190224570673712,
    0.21136063408190225,
    0.23249669749009247,
    0.2536327608982827,
    0.2747688243064729,
    0.29590488771466317,
    0.31704095112285335,
    0.3381770145310436,
    0.35931307793923384,
    0.380449141347424,
    0.40158520475561427,
    0.4227212681638045,
    0.4438573315719947,
    0.46499339498018494,
    0.4861294583883752,
    0.5072655217965654,
    0.5284015852047557,
    0.5495376486129459,
    0.570673712021136,
    0.5918097754293263,
    0.6129458388375165,
    0.6340819022457067,
    0.655217965653897,
    0.6763540290620872,
    0.6974900924702774,
    0.7186261558784677,
    0.7397622192866579,
    0.760898282694848,
    0.7820343461030383,
    0.8031704095112285,
    0.8243064729194187,
    0.845442536327609,
    0.8665785997357992,
    0.8877146631439894,
    0.9088507265521797,
    0.9299867899603699,
    0.9511228533685601,
    0.9722589167767504,
    0.9933949801849405,
    1.0,
    1.0211360634081903,
    1.0422721268163804,
    1.0634081902245707,
    1.084544253632761,
    1.105680317040951,
    1.1268163804491413,
    1.1479524438573316,
    1.1690885072655217,
    1.190224570673712,
    1.2113606340819023,
    1.2324966974900924,
    1.2536327608982827,
    1.274768824306473,
    1.2959048877146633,
    1.3170409511228534,
    1.3381770145310437,
    1.359313077939234,
    1.380449141347424,
    1.4015852047556143,
    1.4227212681638046,
    1.4438573315719947,
    1.464993394980185,
    1.4861294583883753,
    1.5072655217965654,
    1.5284015852047557,
    1.549537648612946,
    1.570673712021136,
    1.5918097754293263,
    1.6129458388375166,
    1.6340819022457067,
    1.655217965653897,
    1.6763540290620873,
    1.6974900924702774,
    1.7186261558784677,
    1.739762219286658,
    1.760898282694848,
    1.7820343461030383,
    1.8031704095112286,
    1.8243064729194187,
    1.845442536327609,
    1.8665785997357993,
    1.8877146631439894,
    1.9088507265521797,
    1.92998678996037,
    1.95112285336856,
    1.9722589167767504,
    1.9933949801849407,
    2.0,
    2.02113606340819,
    2.0422721268163806,
    2.0634081902245707,
    2.0845442536327607,
    2.1056803170409513,
    2.1268163804491413,
    2.1479524438573314,
    2.169088507265522,
    2.190224570673712,
    2.211360634081902,
    2.2324966974900926,
    2.2536327608982827,
    2.2747688243064728,
    2.2959048877146633,
    2.3170409511228534,
    2.3381770145310434,
    2.359313077939234,
    2.380449141347424,
    2.401585204755614,
    2.4227212681638046,
    2.4438573315719947,
    2.4649933949801848,
    2.4861294583883753,
    2.5072655217965654,
    2.5284015852047554,
    2.549537648612946,
    2.570673712021136,
    2.5918097754293266,
    2.6129458388375166,
    2.6340819022457067,
    2.655217965653897,
    2.6763540290620873,
    2.6974900924702774,
    2.718626155878468,
    2.739762219286658,
    2.760898282694848,
    2.782034346103038,
    2.8031704095112286,
    2.8243064729194187,
    2.8454425363276092,
    2.8665785997357993,
    2.8877146631439894,
    2.9088507265521795,
    2.92998678996037,
    2.95112285336856,
    2.9722589167767506,
    2.9933949801849407,
    3.0
  ],
  "step": [
    1,
    2,
    3,
    4,
    5,
    6,
    7,
    8,
    9,
    10,
    11,
    12,
    13,
    14,
    15,
    16,
    17,
    18,
    19,
    20,
    21,
    22,
    23,
    24,
    25,
    26,
    27,
    28,
    29,
    30,
    31,
    32,
    33,
    34,
    35,
    36,
    37,
    38,
    39,
    40,
    41,
    42,
    43,
    44,
    45,
    46,
    47,
    48,
    49,
    50,
    51,
    52,
    53,
    54,
    55,
    56,
    57,
    58,
    59,
    60,
    61,
    62,
    63,
    64,
    65,
    66,
    67,
    68,
    69,
    70,
    71,
    72,
    73,
    74,
    75,
    76,
    77,
    78,
    79,
    80,
    81,
    82,
    83,
    84,
    85,
    86,
    87,
    88,
    89,
    90,
    91,
    92,
    93,
    94,
    95,
    96,
    97,
    98,
    99,
    100,
    101,
    102,
    103,
    104,
    105,
    106,
    107,
    108,
    109,
    110,
    111,
    112,
    113,
    114,
    115,
    116,
    117,
    118,
    119,
    120,
    121,
    122,
    123,
    124,
    125,
    126,
    127,
    128,
    129,
    130,
    131,
    132,
    133,
    134,
    135,
    136,
    137,
    138,
    139,
    140,
    141,
    142,
    143,
    144
  ]
}