model,bleu,rouge1,rouge2,rougeL,rougeLsum,bertscore_precision,bertscore_recall,bertscore_f1
fine-tuned,0.08565399650436611,0.34006576630412133,0.12492553677295792,0.2727965423496907,0.3003857556854689,0.8356064677238464,0.8059499561786652,0.8204694926738739
base,0.06750497554911819,0.2683877106399629,0.09253137806169495,0.19620210168318764,0.2564648595495448,0.8006159365177155,0.8137525171041489,0.8068961828947068
