model,bleu,rouge1,rouge2,rougeL,rougeLsum,bertscore_precision,bertscore_recall,bertscore_f1
fine-tuned,0.16439731390686058,0.5289225717153795,0.2538841541484814,0.3880225603974887,0.5179487784993031,0.8850808498225634,0.869033728973775,0.8768951794769191
base,0.06647429748292771,0.3728348122899366,0.12056109980147527,0.2634034111305157,0.3606841913881464,0.8380764903901499,0.8235902703261073,0.8306604261639752
