model,bleu,rouge1,rouge2,rougeL,rougeLsum,bertscore_precision,bertscore_recall,bertscore_f1
fine-tuned,0.080558159630891,0.3436451830413239,0.12824740649315822,0.2707489550482395,0.3175722147027973,0.830816400992243,0.8166102544257515,0.823508797507537
base,0.05284061336641995,0.26452926133493704,0.0872764630013082,0.19836174476247254,0.25089552779034,0.789387941987891,0.8119933893806056,0.8001288323025955
