model,bleu,rouge1,rouge2,rougeL,rougeLsum,bertscore_precision,bertscore_recall,bertscore_f1
fine-tuned,0.15732497062582926,0.5435744194100758,0.27322790870869473,0.40270270563067,0.5346234295144636,0.8927119683615768,0.8732454920116859,0.8827610000779357
base,0.07488528501698159,0.33002710647656663,0.1310111676353254,0.24321472998690497,0.3157514946690855,0.807918148704722,0.8195343289194228,0.8133304881144173
