model,bleu,rouge1,rouge2,rougeL,rougeLsum,bertscore_precision,bertscore_recall,bertscore_f1
fine-tuned,0.11228248576499086,0.41592682977867323,0.17539942598504607,0.31301800172330396,0.4078909631305676,0.8463523805141449,0.8434327065944671,0.8447901576757431
base,0.057481238497412,0.3666614477405986,0.10994918900913961,0.24780357797720493,0.35458272758232107,0.8336654335260392,0.8229364812374115,0.8281963467597961
