model,bleu,rouge1,rouge2,rougeL,rougeLsum,bertscore_precision,bertscore_recall,bertscore_f1
fine-tuned,0.10377365176264143,0.4309296556748633,0.1721040173757275,0.3190798417339169,0.4204626239362729,0.8646244168281555,0.8471698343753815,0.8557728707790375
base,0.10175317778169705,0.40650004618753266,0.17424520801344784,0.312709786835901,0.39711645301637244,0.8421122223138809,0.837949988245964,0.8398232787847519
