{
  "train_loss": [
    0.9897,
    0.9885,
    1.056,
    1.0572,
    1.1001,
    1.059,
    1.0789,
    1.1687,
    1.0737,
    1.1728,
    1.3328,
    0.8301,
    1.0037,
    1.0376,
    1.0529,
    1.0371,
    1.0722,
    1.1197,
    1.0381,
    1.0448,
    1.1564,
    1.256,
    0.8678,
    0.9483,
    0.8968,
    0.9909,
    1.0317,
    1.0612,
    1.0394,
    1.0674,
    0.9994,
    1.0243,
    1.1259,
    0.8153,
    0.8637,
    0.9309,
    1.0452,
    1.054,
    0.9355,
    0.9843,
    1.0207,
    1.006,
    0.9896,
    1.0795,
    0.925,
    0.918,
    0.9514,
    1.099,
    0.8196,
    0.8775,
    0.9375,
    0.906,
    0.9293,
    0.9518,
    0.8496,
    0.9878,
    0.9328,
    0.9549,
    1.092,
    0.7881,
    0.8845,
    0.9147,
    0.8764,
    0.9462,
    0.8843,
    0.8687,
    0.8886,
    0.8626,
    0.8593,
    0.9297,
    0.7751,
    0.8389,
    0.7914,
    0.9072,
    0.9067,
    0.8599,
    0.9011,
    0.8466,
    0.8889,
    0.9131,
    0.9972,
    0.7174,
    0.8255,
    0.8137,
    0.8643,
    0.8408,
    0.8533,
    0.9056,
    0.9303,
    0.847,
    0.9011,
    0.9711,
    0.7672,
    0.9135,
    0.8688,
    0.9996,
    0.8125,
    0.7884,
    0.8521,
    0.8595,
    0.8662,
    0.8664,
    0.9193,
    0.8313,
    0.8384,
    0.8517,
    0.9263,
    0.6899,
    0.8254,
    0.8294,
    0.8343,
    0.8073,
    0.8821,
    0.8864,
    0.922,
    0.8401,
    0.8601,
    0.9746,
    0.7691,
    0.7748,
    0.8849,
    0.8994,
    0.8998,
    0.8498,
    0.8506,
    0.8622,
    0.7997,
    0.9195,
    0.9443,
    0.7356,
    0.7906,
    0.8629,
    0.861,
    0.8202,
    0.8117,
    0.7739,
    0.8431,
    0.8596,
    0.8218,
    1.0534,
    0.6798,
    0.8233,
    0.8065,
    0.9008
  ],
  "epoch": [
    0.021136063408190225,
    0.04227212681638045,
    0.06340819022457067,
    0.0845442536327609,
    0.10568031704095113,
    0.12681638044914134,
    0.14795244385733158,
    0.1690885072655218,
    0.190224570673712,
    0.21136063408190225,
    0.23249669749009247,
    0.2536327608982827,
    0.2747688243064729,
    0.29590488771466317,
    0.31704095112285335,
    0.3381770145310436,
    0.35931307793923384,
    0.380449141347424,
    0.40158520475561427,
    0.4227212681638045,
    0.4438573315719947,
    0.46499339498018494,
    0.4861294583883752,
    0.5072655217965654,
    0.5284015852047557,
    0.5495376486129459,
    0.570673712021136,
    0.5918097754293263,
    0.6129458388375165,
    0.6340819022457067,
    0.655217965653897,
    0.6763540290620872,
    0.6974900924702774,
    0.7186261558784677,
    0.7397622192866579,
    0.760898282694848,
    0.7820343461030383,
    0.8031704095112285,
    0.8243064729194187,
    0.845442536327609,
    0.8665785997357992,
    0.8877146631439894,
    0.9088507265521797,
    0.9299867899603699,
    0.9511228533685601,
    0.9722589167767504,
    0.9933949801849405,
    1.0,
    1.0211360634081903,
    1.0422721268163804,
    1.0634081902245707,
    1.084544253632761,
    1.105680317040951,
    1.1268163804491413,
    1.1479524438573316,
    1.1690885072655217,
    1.190224570673712,
    1.2113606340819023,
    1.2324966974900924,
    1.2536327608982827,
    1.274768824306473,
    1.2959048877146633,
    1.3170409511228534,
    1.3381770145310437,
    1.359313077939234,
    1.380449141347424,
    1.4015852047556143,
    1.4227212681638046,
    1.4438573315719947,
    1.464993394980185,
    1.4861294583883753,
    1.5072655217965654,
    1.5284015852047557,
    1.549537648612946,
    1.570673712021136,
    1.5918097754293263,
    1.6129458388375166,
    1.6340819022457067,
    1.655217965653897,
    1.6763540290620873,
    1.6974900924702774,
    1.7186261558784677,
    1.739762219286658,
    1.760898282694848,
    1.7820343461030383,
    1.8031704095112286,
    1.8243064729194187,
    1.845442536327609,
    1.8665785997357993,
    1.8877146631439894,
    1.9088507265521797,
    1.92998678996037,
    1.95112285336856,
    1.9722589167767504,
    1.9933949801849407,
    2.0,
    2.02113606340819,
    2.0422721268163806,
    2.0634081902245707,
    2.0845442536327607,
    2.1056803170409513,
    2.1268163804491413,
    2.1479524438573314,
    2.169088507265522,
    2.190224570673712,
    2.211360634081902,
    2.2324966974900926,
    2.2536327608982827,
    2.2747688243064728,
    2.2959048877146633,
    2.3170409511228534,
    2.3381770145310434,
    2.359313077939234,
    2.380449141347424,
    2.401585204755614,
    2.4227212681638046,
    2.4438573315719947,
    2.4649933949801848,
    2.4861294583883753,
    2.5072655217965654,
    2.5284015852047554,
    2.549537648612946,
    2.570673712021136,
    2.5918097754293266,
    2.6129458388375166,
    2.6340819022457067,
    2.655217965653897,
    2.6763540290620873,
    2.6974900924702774,
    2.718626155878468,
    2.739762219286658,
    2.760898282694848,
    2.782034346103038,
    2.8031704095112286,
    2.8243064729194187,
    2.8454425363276092,
    2.8665785997357993,
    2.8877146631439894,
    2.9088507265521795,
    2.92998678996037,
    2.95112285336856,
    2.9722589167767506,
    2.9933949801849407,
    3.0
  ],
  "step": [
    1,
    2,
    3,
    4,
    5,
    6,
    7,
    8,
    9,
    10,
    11,
    12,
    13,
    14,
    15,
    16,
    17,
    18,
    19,
    20,
    21,
    22,
    23,
    24,
    25,
    26,
    27,
    28,
    29,
    30,
    31,
    32,
    33,
    34,
    35,
    36,
    37,
    38,
    39,
    40,
    41,
    42,
    43,
    44,
    45,
    46,
    47,
    48,
    49,
    50,
    51,
    52,
    53,
    54,
    55,
    56,
    57,
    58,
    59,
    60,
    61,
    62,
    63,
    64,
    65,
    66,
    67,
    68,
    69,
    70,
    71,
    72,
    73,
    74,
    75,
    76,
    77,
    78,
    79,
    80,
    81,
    82,
    83,
    84,
    85,
    86,
    87,
    88,
    89,
    90,
    91,
    92,
    93,
    94,
    95,
    96,
    97,
    98,
    99,
    100,
    101,
    102,
    103,
    104,
    105,
    106,
    107,
    108,
    109,
    110,
    111,
    112,
    113,
    114,
    115,
    116,
    117,
    118,
    119,
    120,
    121,
    122,
    123,
    124,
    125,
    126,
    127,
    128,
    129,
    130,
    131,
    132,
    133,
    134,
    135,
    136,
    137,
    138,
    139,
    140,
    141,
    142,
    143,
    144
  ]
}