{
  "train_loss": [
    1.3195,
    1.3967,
    1.39,
    1.3894,
    1.5185,
    1.5144,
    1.531,
    1.5227,
    1.5986,
    1.6006,
    1.8524,
    1.1265,
    1.3503,
    1.4068,
    1.4131,
    1.4168,
    1.4241,
    1.4862,
    1.4437,
    1.4804,
    1.5422,
    1.7086,
    1.1566,
    1.2843,
    1.2128,
    1.3184,
    1.3695,
    1.4013,
    1.3932,
    1.4251,
    1.3991,
    1.399,
    1.5991,
    1.0946,
    1.1999,
    1.2989,
    1.3365,
    1.3975,
    1.3456,
    1.3149,
    1.3752,
    1.3893,
    1.3887,
    1.4951,
    1.2449,
    1.2329,
    1.3405,
    1.4474,
    1.0934,
    1.2414,
    1.1791,
    1.2543,
    1.2895,
    1.2366,
    1.2558,
    1.2285,
    1.3132,
    1.3587,
    1.5074,
    1.0583,
    1.1941,
    1.2091,
    1.2192,
    1.2333,
    1.2645,
    1.2364,
    1.229,
    1.2234,
    1.3251,
    1.4168,
    1.047,
    1.1302,
    1.1616,
    1.1951,
    1.2094,
    1.2122,
    1.2372,
    1.2197,
    1.2841,
    1.3104,
    1.3868,
    0.9998,
    1.0881,
    1.1369,
    1.2042,
    1.1547,
    1.2278,
    1.2521,
    1.231,
    1.2124,
    1.2651,
    1.3952,
    1.0557,
    1.2469,
    1.2112,
    1.4783,
    1.0883,
    1.0554,
    1.1879,
    1.1258,
    1.2147,
    1.2041,
    1.1877,
    1.1818,
    1.1639,
    1.3134,
    1.3243,
    0.9309,
    1.0893,
    1.1358,
    1.1059,
    1.1633,
    1.2347,
    1.1769,
    1.1905,
    1.2488,
    1.2561,
    1.3848,
    1.0164,
    1.0968,
    1.1661,
    1.1979,
    1.2015,
    1.2106,
    1.1863,
    1.2068,
    1.1741,
    1.2506,
    1.3466,
    0.9966,
    1.0723,
    1.1288,
    1.1677,
    1.1808,
    1.0655,
    1.1596,
    1.18,
    1.2127,
    1.1864,
    1.4625,
    0.9688,
    1.1754,
    1.1608,
    1.2721
  ],
  "epoch": [
    0.021136063408190225,
    0.04227212681638045,
    0.06340819022457067,
    0.0845442536327609,
    0.10568031704095113,
    0.12681638044914134,
    0.14795244385733158,
    0.1690885072655218,
    0.190224570673712,
    0.21136063408190225,
    0.23249669749009247,
    0.2536327608982827,
    0.2747688243064729,
    0.29590488771466317,
    0.31704095112285335,
    0.3381770145310436,
    0.35931307793923384,
    0.380449141347424,
    0.40158520475561427,
    0.4227212681638045,
    0.4438573315719947,
    0.46499339498018494,
    0.4861294583883752,
    0.5072655217965654,
    0.5284015852047557,
    0.5495376486129459,
    0.570673712021136,
    0.5918097754293263,
    0.6129458388375165,
    0.6340819022457067,
    0.655217965653897,
    0.6763540290620872,
    0.6974900924702774,
    0.7186261558784677,
    0.7397622192866579,
    0.760898282694848,
    0.7820343461030383,
    0.8031704095112285,
    0.8243064729194187,
    0.845442536327609,
    0.8665785997357992,
    0.8877146631439894,
    0.9088507265521797,
    0.9299867899603699,
    0.9511228533685601,
    0.9722589167767504,
    0.9933949801849405,
    1.0,
    1.0211360634081903,
    1.0422721268163804,
    1.0634081902245707,
    1.084544253632761,
    1.105680317040951,
    1.1268163804491413,
    1.1479524438573316,
    1.1690885072655217,
    1.190224570673712,
    1.2113606340819023,
    1.2324966974900924,
    1.2536327608982827,
    1.274768824306473,
    1.2959048877146633,
    1.3170409511228534,
    1.3381770145310437,
    1.359313077939234,
    1.380449141347424,
    1.4015852047556143,
    1.4227212681638046,
    1.4438573315719947,
    1.464993394980185,
    1.4861294583883753,
    1.5072655217965654,
    1.5284015852047557,
    1.549537648612946,
    1.570673712021136,
    1.5918097754293263,
    1.6129458388375166,
    1.6340819022457067,
    1.655217965653897,
    1.6763540290620873,
    1.6974900924702774,
    1.7186261558784677,
    1.739762219286658,
    1.760898282694848,
    1.7820343461030383,
    1.8031704095112286,
    1.8243064729194187,
    1.845442536327609,
    1.8665785997357993,
    1.8877146631439894,
    1.9088507265521797,
    1.92998678996037,
    1.95112285336856,
    1.9722589167767504,
    1.9933949801849407,
    2.0,
    2.02113606340819,
    2.0422721268163806,
    2.0634081902245707,
    2.0845442536327607,
    2.1056803170409513,
    2.1268163804491413,
    2.1479524438573314,
    2.169088507265522,
    2.190224570673712,
    2.211360634081902,
    2.2324966974900926,
    2.2536327608982827,
    2.2747688243064728,
    2.2959048877146633,
    2.3170409511228534,
    2.3381770145310434,
    2.359313077939234,
    2.380449141347424,
    2.401585204755614,
    2.4227212681638046,
    2.4438573315719947,
    2.4649933949801848,
    2.4861294583883753,
    2.5072655217965654,
    2.5284015852047554,
    2.549537648612946,
    2.570673712021136,
    2.5918097754293266,
    2.6129458388375166,
    2.6340819022457067,
    2.655217965653897,
    2.6763540290620873,
    2.6974900924702774,
    2.718626155878468,
    2.739762219286658,
    2.760898282694848,
    2.782034346103038,
    2.8031704095112286,
    2.8243064729194187,
    2.8454425363276092,
    2.8665785997357993,
    2.8877146631439894,
    2.9088507265521795,
    2.92998678996037,
    2.95112285336856,
    2.9722589167767506,
    2.9933949801849407,
    3.0
  ],
  "step": [
    1,
    2,
    3,
    4,
    5,
    6,
    7,
    8,
    9,
    10,
    11,
    12,
    13,
    14,
    15,
    16,
    17,
    18,
    19,
    20,
    21,
    22,
    23,
    24,
    25,
    26,
    27,
    28,
    29,
    30,
    31,
    32,
    33,
    34,
    35,
    36,
    37,
    38,
    39,
    40,
    41,
    42,
    43,
    44,
    45,
    46,
    47,
    48,
    49,
    50,
    51,
    52,
    53,
    54,
    55,
    56,
    57,
    58,
    59,
    60,
    61,
    62,
    63,
    64,
    65,
    66,
    67,
    68,
    69,
    70,
    71,
    72,
    73,
    74,
    75,
    76,
    77,
    78,
    79,
    80,
    81,
    82,
    83,
    84,
    85,
    86,
    87,
    88,
    89,
    90,
    91,
    92,
    93,
    94,
    95,
    96,
    97,
    98,
    99,
    100,
    101,
    102,
    103,
    104,
    105,
    106,
    107,
    108,
    109,
    110,
    111,
    112,
    113,
    114,
    115,
    116,
    117,
    118,
    119,
    120,
    121,
    122,
    123,
    124,
    125,
    126,
    127,
    128,
    129,
    130,
    131,
    132,
    133,
    134,
    135,
    136,
    137,
    138,
    139,
    140,
    141,
    142,
    143,
    144
  ]
}