{
  "train_loss": [
    1.0,
    1.0632,
    0.9722,
    1.0444,
    1.081,
    1.1159,
    1.109,
    1.1052,
    1.1313,
    1.1315,
    1.34,
    0.8429,
    1.0006,
    1.0349,
    1.0201,
    1.0489,
    1.0256,
    1.1195,
    1.0339,
    1.0748,
    1.0798,
    1.2407,
    0.8585,
    0.9057,
    0.94,
    0.9526,
    0.9972,
    1.0134,
    1.0399,
    1.0572,
    0.9833,
    0.9631,
    1.1414,
    0.8267,
    0.8318,
    0.9574,
    1.0089,
    0.9929,
    0.9584,
    0.9996,
    0.9753,
    0.9943,
    1.0121,
    1.039,
    0.911,
    0.8541,
    0.951,
    1.0608,
    0.8499,
    0.8799,
    0.9331,
    0.8962,
    0.8833,
    0.9294,
    0.948,
    0.9609,
    0.9381,
    0.958,
    1.0824,
    0.7759,
    0.8338,
    0.9467,
    0.9377,
    0.9021,
    0.8737,
    0.8908,
    0.8649,
    0.9685,
    0.8644,
    0.9382,
    0.7963,
    0.81,
    0.8644,
    0.8943,
    0.8729,
    0.8773,
    0.9207,
    0.8621,
    0.8948,
    0.9456,
    0.9987,
    0.7334,
    0.8361,
    0.818,
    0.8333,
    0.8393,
    0.9187,
    0.8697,
    0.9172,
    0.8705,
    0.8945,
    0.9815,
    0.793,
    0.8589,
    0.9047,
    1.0061,
    0.7972,
    0.8311,
    0.8206,
    0.8428,
    0.8549,
    0.8953,
    0.8982,
    0.8646,
    0.8772,
    0.8319,
    0.9234,
    0.6991,
    0.8298,
    0.7959,
    0.827,
    0.8267,
    0.9027,
    0.8433,
    0.8991,
    0.9302,
    0.8104,
    0.9768,
    0.7991,
    0.8074,
    0.909,
    0.8495,
    0.855,
    0.8876,
    0.8913,
    0.8896,
    0.8288,
    0.8769,
    0.9586,
    0.761,
    0.7574,
    0.8514,
    0.8553,
    0.8854,
    0.7525,
    0.7861,
    0.8593,
    0.8371,
    0.8735,
    1.0554,
    0.6936,
    0.8341,
    0.8401,
    0.8605
  ],
  "epoch": [
    0.021136063408190225,
    0.04227212681638045,
    0.06340819022457067,
    0.0845442536327609,
    0.10568031704095113,
    0.12681638044914134,
    0.14795244385733158,
    0.1690885072655218,
    0.190224570673712,
    0.21136063408190225,
    0.23249669749009247,
    0.2536327608982827,
    0.2747688243064729,
    0.29590488771466317,
    0.31704095112285335,
    0.3381770145310436,
    0.35931307793923384,
    0.380449141347424,
    0.40158520475561427,
    0.4227212681638045,
    0.4438573315719947,
    0.46499339498018494,
    0.4861294583883752,
    0.5072655217965654,
    0.5284015852047557,
    0.5495376486129459,
    0.570673712021136,
    0.5918097754293263,
    0.6129458388375165,
    0.6340819022457067,
    0.655217965653897,
    0.6763540290620872,
    0.6974900924702774,
    0.7186261558784677,
    0.7397622192866579,
    0.760898282694848,
    0.7820343461030383,
    0.8031704095112285,
    0.8243064729194187,
    0.845442536327609,
    0.8665785997357992,
    0.8877146631439894,
    0.9088507265521797,
    0.9299867899603699,
    0.9511228533685601,
    0.9722589167767504,
    0.9933949801849405,
    1.0,
    1.0211360634081903,
    1.0422721268163804,
    1.0634081902245707,
    1.084544253632761,
    1.105680317040951,
    1.1268163804491413,
    1.1479524438573316,
    1.1690885072655217,
    1.190224570673712,
    1.2113606340819023,
    1.2324966974900924,
    1.2536327608982827,
    1.274768824306473,
    1.2959048877146633,
    1.3170409511228534,
    1.3381770145310437,
    1.359313077939234,
    1.380449141347424,
    1.4015852047556143,
    1.4227212681638046,
    1.4438573315719947,
    1.464993394980185,
    1.4861294583883753,
    1.5072655217965654,
    1.5284015852047557,
    1.549537648612946,
    1.570673712021136,
    1.5918097754293263,
    1.6129458388375166,
    1.6340819022457067,
    1.655217965653897,
    1.6763540290620873,
    1.6974900924702774,
    1.7186261558784677,
    1.739762219286658,
    1.760898282694848,
    1.7820343461030383,
    1.8031704095112286,
    1.8243064729194187,
    1.845442536327609,
    1.8665785997357993,
    1.8877146631439894,
    1.9088507265521797,
    1.92998678996037,
    1.95112285336856,
    1.9722589167767504,
    1.9933949801849407,
    2.0,
    2.02113606340819,
    2.0422721268163806,
    2.0634081902245707,
    2.0845442536327607,
    2.1056803170409513,
    2.1268163804491413,
    2.1479524438573314,
    2.169088507265522,
    2.190224570673712,
    2.211360634081902,
    2.2324966974900926,
    2.2536327608982827,
    2.2747688243064728,
    2.2959048877146633,
    2.3170409511228534,
    2.3381770145310434,
    2.359313077939234,
    2.380449141347424,
    2.401585204755614,
    2.4227212681638046,
    2.4438573315719947,
    2.4649933949801848,
    2.4861294583883753,
    2.5072655217965654,
    2.5284015852047554,
    2.549537648612946,
    2.570673712021136,
    2.5918097754293266,
    2.6129458388375166,
    2.6340819022457067,
    2.655217965653897,
    2.6763540290620873,
    2.6974900924702774,
    2.718626155878468,
    2.739762219286658,
    2.760898282694848,
    2.782034346103038,
    2.8031704095112286,
    2.8243064729194187,
    2.8454425363276092,
    2.8665785997357993,
    2.8877146631439894,
    2.9088507265521795,
    2.92998678996037,
    2.95112285336856,
    2.9722589167767506,
    2.9933949801849407,
    3.0
  ],
  "step": [
    1,
    2,
    3,
    4,
    5,
    6,
    7,
    8,
    9,
    10,
    11,
    12,
    13,
    14,
    15,
    16,
    17,
    18,
    19,
    20,
    21,
    22,
    23,
    24,
    25,
    26,
    27,
    28,
    29,
    30,
    31,
    32,
    33,
    34,
    35,
    36,
    37,
    38,
    39,
    40,
    41,
    42,
    43,
    44,
    45,
    46,
    47,
    48,
    49,
    50,
    51,
    52,
    53,
    54,
    55,
    56,
    57,
    58,
    59,
    60,
    61,
    62,
    63,
    64,
    65,
    66,
    67,
    68,
    69,
    70,
    71,
    72,
    73,
    74,
    75,
    76,
    77,
    78,
    79,
    80,
    81,
    82,
    83,
    84,
    85,
    86,
    87,
    88,
    89,
    90,
    91,
    92,
    93,
    94,
    95,
    96,
    97,
    98,
    99,
    100,
    101,
    102,
    103,
    104,
    105,
    106,
    107,
    108,
    109,
    110,
    111,
    112,
    113,
    114,
    115,
    116,
    117,
    118,
    119,
    120,
    121,
    122,
    123,
    124,
    125,
    126,
    127,
    128,
    129,
    130,
    131,
    132,
    133,
    134,
    135,
    136,
    137,
    138,
    139,
    140,
    141,
    142,
    143,
    144
  ]
}