{
  "train_loss": [
    1.0,
    1.0632,
    0.9713,
    1.0414,
    1.074,
    1.1031,
    1.0862,
    1.0736,
    1.0896,
    1.0774,
    1.2612,
    0.8004,
    0.946,
    0.9673,
    0.9349,
    0.9564,
    0.9205,
    0.9957,
    0.8953,
    0.9207,
    0.9176,
    1.0373,
    0.7515,
    0.7734,
    0.7936,
    0.7916,
    0.825,
    0.8391,
    0.8397,
    0.8301,
    0.7674,
    0.7196,
    0.8546,
    0.6805,
    0.6647,
    0.7862,
    0.8292,
    0.7851,
    0.7422,
    0.7735,
    0.7335,
    0.7393,
    0.7541,
    0.74,
    0.7498,
    0.6448,
    0.7014,
    0.8009,
    0.7011,
    0.7078,
    0.746,
    0.6966,
    0.6719,
    0.7113,
    0.7231,
    0.7218,
    0.6913,
    0.6859,
    0.7966,
    0.6238,
    0.6525,
    0.7679,
    0.7539,
    0.7058,
    0.6634,
    0.678,
    0.6361,
    0.7434,
    0.6265,
    0.6492,
    0.6584,
    0.655,
    0.702,
    0.7124,
    0.6795,
    0.669,
    0.7217,
    0.6446,
    0.6654,
    0.7027,
    0.738,
    0.6002,
    0.6834,
    0.6563,
    0.6693,
    0.6444,
    0.7425,
    0.6605,
    0.6996,
    0.6695,
    0.6845,
    0.7235,
    0.6487,
    0.6877,
    0.7104,
    0.7378,
    0.6652,
    0.6856,
    0.6747,
    0.6745,
    0.6689,
    0.7233,
    0.7006,
    0.6566,
    0.6668,
    0.6193,
    0.6749,
    0.5815,
    0.6769,
    0.6417,
    0.6645,
    0.6431,
    0.7185,
    0.666,
    0.7086,
    0.714,
    0.6107,
    0.7261,
    0.6592,
    0.6592,
    0.765,
    0.6883,
    0.6737,
    0.7018,
    0.7011,
    0.6921,
    0.6254,
    0.6584,
    0.7167,
    0.6418,
    0.6256,
    0.6984,
    0.6833,
    0.7203,
    0.5778,
    0.6024,
    0.6664,
    0.631,
    0.6389,
    0.7996,
    0.5516,
    0.6584,
    0.634,
    0.6403
  ],
  "epoch": [
    0.021136063408190225,
    0.04227212681638045,
    0.06340819022457067,
    0.0845442536327609,
    0.10568031704095113,
    0.12681638044914134,
    0.14795244385733158,
    0.1690885072655218,
    0.190224570673712,
    0.21136063408190225,
    0.23249669749009247,
    0.2536327608982827,
    0.2747688243064729,
    0.29590488771466317,
    0.31704095112285335,
    0.3381770145310436,
    0.35931307793923384,
    0.380449141347424,
    0.40158520475561427,
    0.4227212681638045,
    0.4438573315719947,
    0.46499339498018494,
    0.4861294583883752,
    0.5072655217965654,
    0.5284015852047557,
    0.5495376486129459,
    0.570673712021136,
    0.5918097754293263,
    0.6129458388375165,
    0.6340819022457067,
    0.655217965653897,
    0.6763540290620872,
    0.6974900924702774,
    0.7186261558784677,
    0.7397622192866579,
    0.760898282694848,
    0.7820343461030383,
    0.8031704095112285,
    0.8243064729194187,
    0.845442536327609,
    0.8665785997357992,
    0.8877146631439894,
    0.9088507265521797,
    0.9299867899603699,
    0.9511228533685601,
    0.9722589167767504,
    0.9933949801849405,
    1.0,
    1.0211360634081903,
    1.0422721268163804,
    1.0634081902245707,
    1.084544253632761,
    1.105680317040951,
    1.1268163804491413,
    1.1479524438573316,
    1.1690885072655217,
    1.190224570673712,
    1.2113606340819023,
    1.2324966974900924,
    1.2536327608982827,
    1.274768824306473,
    1.2959048877146633,
    1.3170409511228534,
    1.3381770145310437,
    1.359313077939234,
    1.380449141347424,
    1.4015852047556143,
    1.4227212681638046,
    1.4438573315719947,
    1.464993394980185,
    1.4861294583883753,
    1.5072655217965654,
    1.5284015852047557,
    1.549537648612946,
    1.570673712021136,
    1.5918097754293263,
    1.6129458388375166,
    1.6340819022457067,
    1.655217965653897,
    1.6763540290620873,
    1.6974900924702774,
    1.7186261558784677,
    1.739762219286658,
    1.760898282694848,
    1.7820343461030383,
    1.8031704095112286,
    1.8243064729194187,
    1.845442536327609,
    1.8665785997357993,
    1.8877146631439894,
    1.9088507265521797,
    1.92998678996037,
    1.95112285336856,
    1.9722589167767504,
    1.9933949801849407,
    2.0,
    2.02113606340819,
    2.0422721268163806,
    2.0634081902245707,
    2.0845442536327607,
    2.1056803170409513,
    2.1268163804491413,
    2.1479524438573314,
    2.169088507265522,
    2.190224570673712,
    2.211360634081902,
    2.2324966974900926,
    2.2536327608982827,
    2.2747688243064728,
    2.2959048877146633,
    2.3170409511228534,
    2.3381770145310434,
    2.359313077939234,
    2.380449141347424,
    2.401585204755614,
    2.4227212681638046,
    2.4438573315719947,
    2.4649933949801848,
    2.4861294583883753,
    2.5072655217965654,
    2.5284015852047554,
    2.549537648612946,
    2.570673712021136,
    2.5918097754293266,
    2.6129458388375166,
    2.6340819022457067,
    2.655217965653897,
    2.6763540290620873,
    2.6974900924702774,
    2.718626155878468,
    2.739762219286658,
    2.760898282694848,
    2.782034346103038,
    2.8031704095112286,
    2.8243064729194187,
    2.8454425363276092,
    2.8665785997357993,
    2.8877146631439894,
    2.9088507265521795,
    2.92998678996037,
    2.95112285336856,
    2.9722589167767506,
    2.9933949801849407,
    3.0
  ],
  "step": [
    1,
    2,
    3,
    4,
    5,
    6,
    7,
    8,
    9,
    10,
    11,
    12,
    13,
    14,
    15,
    16,
    17,
    18,
    19,
    20,
    21,
    22,
    23,
    24,
    25,
    26,
    27,
    28,
    29,
    30,
    31,
    32,
    33,
    34,
    35,
    36,
    37,
    38,
    39,
    40,
    41,
    42,
    43,
    44,
    45,
    46,
    47,
    48,
    49,
    50,
    51,
    52,
    53,
    54,
    55,
    56,
    57,
    58,
    59,
    60,
    61,
    62,
    63,
    64,
    65,
    66,
    67,
    68,
    69,
    70,
    71,
    72,
    73,
    74,
    75,
    76,
    77,
    78,
    79,
    80,
    81,
    82,
    83,
    84,
    85,
    86,
    87,
    88,
    89,
    90,
    91,
    92,
    93,
    94,
    95,
    96,
    97,
    98,
    99,
    100,
    101,
    102,
    103,
    104,
    105,
    106,
    107,
    108,
    109,
    110,
    111,
    112,
    113,
    114,
    115,
    116,
    117,
    118,
    119,
    120,
    121,
    122,
    123,
    124,
    125,
    126,
    127,
    128,
    129,
    130,
    131,
    132,
    133,
    134,
    135,
    136,
    137,
    138,
    139,
    140,
    141,
    142,
    143,
    144
  ]
}