{
  "train_loss": [
    2.6429,
    2.9621,
    2.6676,
    2.9468,
    2.9779,
    2.5685,
    2.0695,
    2.9633,
    2.1434,
    1.7373,
    1.8174,
    2.0946,
    1.5956,
    1.6483,
    1.5759,
    1.4258,
    1.2883,
    1.3163,
    1.2415,
    1.2611,
    1.1662,
    1.2388,
    1.2432,
    1.4415,
    1.0717,
    1.1308,
    1.2587,
    1.1614,
    1.08,
    1.1269,
    1.1183,
    1.1997,
    1.0033,
    1.1039,
    1.0792,
    1.1246,
    1.0508,
    1.0094,
    1.0309,
    1.189,
    0.9168,
    0.9423,
    0.9995,
    0.9575,
    0.8946,
    0.964,
    0.9549,
    1.0081,
    0.9219,
    1.1049,
    1.1757,
    1.1817,
    0.9431,
    0.9108,
    1.0441,
    1.0604,
    1.0609,
    0.9164,
    1.1388,
    1.0076
  ],
  "epoch": [
    0.051118210862619806,
    0.10223642172523961,
    0.15335463258785942,
    0.20447284345047922,
    0.25559105431309903,
    0.30670926517571884,
    0.35782747603833864,
    0.40894568690095845,
    0.46006389776357826,
    0.5111821086261981,
    0.5623003194888179,
    0.6134185303514377,
    0.6645367412140575,
    0.7156549520766773,
    0.7667731629392971,
    0.8178913738019169,
    0.8690095846645367,
    0.9201277955271565,
    0.9712460063897763,
    1.0,
    1.0511182108626198,
    1.1022364217252396,
    1.1533546325878594,
    1.2044728434504792,
    1.255591054313099,
    1.3067092651757188,
    1.3578274760383386,
    1.4089456869009584,
    1.4600638977635783,
    1.511182108626198,
    1.5623003194888179,
    1.6134185303514377,
    1.6645367412140575,
    1.7156549520766773,
    1.766773162939297,
    1.817891373801917,
    1.8690095846645367,
    1.9201277955271565,
    1.9712460063897763,
    2.0,
    2.0511182108626196,
    2.1022364217252396,
    2.1533546325878596,
    2.2044728434504792,
    2.255591054313099,
    2.306709265175719,
    2.357827476038339,
    2.4089456869009584,
    2.460063897763578,
    2.511182108626198,
    2.562300319488818,
    2.6134185303514377,
    2.6645367412140573,
    2.7156549520766773,
    2.7667731629392973,
    2.817891373801917,
    2.8690095846645365,
    2.9201277955271565,
    2.9712460063897765,
    3.0
  ],
  "step": [
    1,
    2,
    3,
    4,
    5,
    6,
    7,
    8,
    9,
    10,
    11,
    12,
    13,
    14,
    15,
    16,
    17,
    18,
    19,
    20,
    21,
    22,
    23,
    24,
    25,
    26,
    27,
    28,
    29,
    30,
    31,
    32,
    33,
    34,
    35,
    36,
    37,
    38,
    39,
    40,
    41,
    42,
    43,
    44,
    45,
    46,
    47,
    48,
    49,
    50,
    51,
    52,
    53,
    54,
    55,
    56,
    57,
    58,
    59,
    60
  ]
}