{
  "train_loss": [
    0.9268,
    1.008,
    1.1024,
    1.1608,
    0.8877,
    0.9782,
    1.0409,
    1.0926,
    0.9224,
    0.9447,
    1.06,
    1.1028,
    0.7897,
    0.9143,
    0.9035,
    0.9551,
    0.8126,
    0.842,
    0.8492,
    0.9878,
    0.6963,
    0.7677,
    0.8079,
    0.8632,
    0.6853,
    0.8103,
    0.8271,
    0.8009,
    0.6809,
    0.743,
    0.7403,
    0.8119,
    0.7128,
    0.7544,
    0.7485,
    0.8224,
    0.7425,
    0.7136,
    0.738,
    0.7792,
    0.648,
    0.7063,
    0.7161,
    0.6912,
    0.616,
    0.6687,
    0.6797,
    0.7282,
    0.6566,
    0.7857,
    0.7739,
    0.8215,
    0.6599,
    0.7212,
    0.6486,
    0.7639,
    0.6819,
    0.6861,
    0.7342,
    0.7506
  ],
  "epoch": [
    0.051118210862619806,
    0.10223642172523961,
    0.15335463258785942,
    0.20447284345047922,
    0.25559105431309903,
    0.30670926517571884,
    0.35782747603833864,
    0.40894568690095845,
    0.46006389776357826,
    0.5111821086261981,
    0.5623003194888179,
    0.6134185303514377,
    0.6645367412140575,
    0.7156549520766773,
    0.7667731629392971,
    0.8178913738019169,
    0.8690095846645367,
    0.9201277955271565,
    0.9712460063897763,
    1.0,
    1.0511182108626198,
    1.1022364217252396,
    1.1533546325878594,
    1.2044728434504792,
    1.255591054313099,
    1.3067092651757188,
    1.3578274760383386,
    1.4089456869009584,
    1.4600638977635783,
    1.511182108626198,
    1.5623003194888179,
    1.6134185303514377,
    1.6645367412140575,
    1.7156549520766773,
    1.766773162939297,
    1.817891373801917,
    1.8690095846645367,
    1.9201277955271565,
    1.9712460063897763,
    2.0,
    2.0511182108626196,
    2.1022364217252396,
    2.1533546325878596,
    2.2044728434504792,
    2.255591054313099,
    2.306709265175719,
    2.357827476038339,
    2.4089456869009584,
    2.460063897763578,
    2.511182108626198,
    2.562300319488818,
    2.6134185303514377,
    2.6645367412140573,
    2.7156549520766773,
    2.7667731629392973,
    2.817891373801917,
    2.8690095846645365,
    2.9201277955271565,
    2.9712460063897765,
    3.0
  ],
  "step": [
    1,
    2,
    3,
    4,
    5,
    6,
    7,
    8,
    9,
    10,
    11,
    12,
    13,
    14,
    15,
    16,
    17,
    18,
    19,
    20,
    21,
    22,
    23,
    24,
    25,
    26,
    27,
    28,
    29,
    30,
    31,
    32,
    33,
    34,
    35,
    36,
    37,
    38,
    39,
    40,
    41,
    42,
    43,
    44,
    45,
    46,
    47,
    48,
    49,
    50,
    51,
    52,
    53,
    54,
    55,
    56,
    57,
    58,
    59,
    60
  ]
}