{
  "train_loss": [
    2.9124,
    3.2327,
    2.5871,
    2.7776,
    2.4661,
    3.0825,
    2.5444,
    2.9817,
    2.3072,
    1.685,
    2.1012,
    2.2204,
    2.1027,
    2.0914,
    1.9211
  ],
  "learning_rate": [
    0.0,
    0.0002,
    0.00019749279121818235,
    0.0001900968867902419,
    0.000178183148246803,
    0.00016234898018587337,
    0.00014338837391175582,
    0.00012225209339563145,
    0.0001,
    7.774790660436858e-05,
    5.6611626088244194e-05,
    3.7651019814126654e-05,
    2.1816851753197032e-05,
    9.903113209758096e-06,
    2.5072087818176382e-06
  ],
  "epoch": [
    0.2,
    0.4,
    0.6,
    0.8,
    1.0,
    1.2,
    1.4,
    1.6,
    1.8,
    2.0,
    2.2,
    2.4,
    2.6,
    2.8,
    3.0
  ],
  "step": [
    1,
    2,
    3,
    4,
    5,
    6,
    7,
    8,
    9,
    10,
    11,
    12,
    13,
    14,
    15
  ]
}