{
  "train_loss": [
    2.6923,
    2.2975,
    2.5889,
    3.1219,
    3.1486,
    3.6789,
    2.8346,
    2.8466,
    2.2091,
    2.0701,
    2.2171,
    1.6599,
    2.1598,
    1.7985,
    1.6734,
    1.6018,
    1.5661,
    1.4342,
    1.6057,
    1.3635,
    1.43,
    1.5003,
    1.2035,
    1.4303,
    1.2267,
    1.2108,
    1.1955,
    1.2455,
    1.2431,
    1.1306,
    1.2235,
    1.1643,
    1.1554,
    0.9553,
    1.1202,
    1.1135,
    1.1528,
    1.1496,
    1.0585,
    1.0354,
    1.1,
    1.0772,
    1.0752,
    1.1589,
    1.0613,
    0.952,
    0.9854,
    1.1427,
    0.9119,
    1.0361,
    1.0141,
    0.9795,
    0.9769,
    0.9063,
    1.0506,
    1.0075,
    0.9784,
    0.9539,
    1.1417,
    0.9655,
    0.8795,
    1.0103,
    0.9919,
    0.9165,
    0.9385,
    0.8933,
    0.8536,
    0.9256,
    0.9596,
    0.9463,
    0.8594,
    0.9642,
    0.8569,
    0.8827,
    0.9127,
    0.997,
    0.9301,
    0.9105,
    0.9487,
    0.8962,
    1.0358,
    0.7605,
    0.9729,
    0.8687,
    0.9501,
    0.9625,
    0.9657,
    0.9851,
    0.8581,
    0.9151,
    0.877,
    0.9776,
    0.818,
    1.0214,
    0.886,
    0.9841,
    0.9183,
    0.8584,
    0.9319,
    0.8591,
    0.9618,
    0.9325,
    0.875,
    0.8657,
    0.8379,
    0.9056,
    0.93,
    0.7286,
    0.9525,
    0.7902,
    0.8676,
    0.8732,
    0.9367,
    0.9818,
    0.8844,
    0.9095,
    0.8532,
    0.9555,
    0.8692,
    0.8991,
    0.9111,
    0.8977,
    0.9427,
    0.9206,
    0.9045,
    0.8109,
    0.8765,
    0.9519,
    0.909,
    0.7951,
    0.8871,
    0.9101,
    0.8974,
    0.924,
    0.781,
    0.794,
    0.8495,
    0.8567,
    0.8078,
    1.0508,
    0.7411,
    0.8809,
    0.8137,
    0.8819
  ],
  "epoch": [
    0.021136063408190225,
    0.04227212681638045,
    0.06340819022457067,
    0.0845442536327609,
    0.10568031704095113,
    0.12681638044914134,
    0.14795244385733158,
    0.1690885072655218,
    0.190224570673712,
    0.21136063408190225,
    0.23249669749009247,
    0.2536327608982827,
    0.2747688243064729,
    0.29590488771466317,
    0.31704095112285335,
    0.3381770145310436,
    0.35931307793923384,
    0.380449141347424,
    0.40158520475561427,
    0.4227212681638045,
    0.4438573315719947,
    0.46499339498018494,
    0.4861294583883752,
    0.5072655217965654,
    0.5284015852047557,
    0.5495376486129459,
    0.570673712021136,
    0.5918097754293263,
    0.6129458388375165,
    0.6340819022457067,
    0.655217965653897,
    0.6763540290620872,
    0.6974900924702774,
    0.7186261558784677,
    0.7397622192866579,
    0.760898282694848,
    0.7820343461030383,
    0.8031704095112285,
    0.8243064729194187,
    0.845442536327609,
    0.8665785997357992,
    0.8877146631439894,
    0.9088507265521797,
    0.9299867899603699,
    0.9511228533685601,
    0.9722589167767504,
    0.9933949801849405,
    1.0,
    1.0211360634081903,
    1.0422721268163804,
    1.0634081902245707,
    1.084544253632761,
    1.105680317040951,
    1.1268163804491413,
    1.1479524438573316,
    1.1690885072655217,
    1.190224570673712,
    1.2113606340819023,
    1.2324966974900924,
    1.2536327608982827,
    1.274768824306473,
    1.2959048877146633,
    1.3170409511228534,
    1.3381770145310437,
    1.359313077939234,
    1.380449141347424,
    1.4015852047556143,
    1.4227212681638046,
    1.4438573315719947,
    1.464993394980185,
    1.4861294583883753,
    1.5072655217965654,
    1.5284015852047557,
    1.549537648612946,
    1.570673712021136,
    1.5918097754293263,
    1.6129458388375166,
    1.6340819022457067,
    1.655217965653897,
    1.6763540290620873,
    1.6974900924702774,
    1.7186261558784677,
    1.739762219286658,
    1.760898282694848,
    1.7820343461030383,
    1.8031704095112286,
    1.8243064729194187,
    1.845442536327609,
    1.8665785997357993,
    1.8877146631439894,
    1.9088507265521797,
    1.92998678996037,
    1.95112285336856,
    1.9722589167767504,
    1.9933949801849407,
    2.0,
    2.02113606340819,
    2.0422721268163806,
    2.0634081902245707,
    2.0845442536327607,
    2.1056803170409513,
    2.1268163804491413,
    2.1479524438573314,
    2.169088507265522,
    2.190224570673712,
    2.211360634081902,
    2.2324966974900926,
    2.2536327608982827,
    2.2747688243064728,
    2.2959048877146633,
    2.3170409511228534,
    2.3381770145310434,
    2.359313077939234,
    2.380449141347424,
    2.401585204755614,
    2.4227212681638046,
    2.4438573315719947,
    2.4649933949801848,
    2.4861294583883753,
    2.5072655217965654,
    2.5284015852047554,
    2.549537648612946,
    2.570673712021136,
    2.5918097754293266,
    2.6129458388375166,
    2.6340819022457067,
    2.655217965653897,
    2.6763540290620873,
    2.6974900924702774,
    2.718626155878468,
    2.739762219286658,
    2.760898282694848,
    2.782034346103038,
    2.8031704095112286,
    2.8243064729194187,
    2.8454425363276092,
    2.8665785997357993,
    2.8877146631439894,
    2.9088507265521795,
    2.92998678996037,
    2.95112285336856,
    2.9722589167767506,
    2.9933949801849407,
    3.0
  ],
  "step": [
    1,
    2,
    3,
    4,
    5,
    6,
    7,
    8,
    9,
    10,
    11,
    12,
    13,
    14,
    15,
    16,
    17,
    18,
    19,
    20,
    21,
    22,
    23,
    24,
    25,
    26,
    27,
    28,
    29,
    30,
    31,
    32,
    33,
    34,
    35,
    36,
    37,
    38,
    39,
    40,
    41,
    42,
    43,
    44,
    45,
    46,
    47,
    48,
    49,
    50,
    51,
    52,
    53,
    54,
    55,
    56,
    57,
    58,
    59,
    60,
    61,
    62,
    63,
    64,
    65,
    66,
    67,
    68,
    69,
    70,
    71,
    72,
    73,
    74,
    75,
    76,
    77,
    78,
    79,
    80,
    81,
    82,
    83,
    84,
    85,
    86,
    87,
    88,
    89,
    90,
    91,
    92,
    93,
    94,
    95,
    96,
    97,
    98,
    99,
    100,
    101,
    102,
    103,
    104,
    105,
    106,
    107,
    108,
    109,
    110,
    111,
    112,
    113,
    114,
    115,
    116,
    117,
    118,
    119,
    120,
    121,
    122,
    123,
    124,
    125,
    126,
    127,
    128,
    129,
    130,
    131,
    132,
    133,
    134,
    135,
    136,
    137,
    138,
    139,
    140,
    141,
    142,
    143,
    144
  ]
}