{
  "train_loss": [
    0.9897,
    0.9885,
    1.0521,
    1.0446,
    1.0711,
    1.0051,
    0.9872,
    1.0448,
    0.9098,
    0.9571,
    1.0212,
    0.6782,
    0.8091,
    0.8094,
    0.7875,
    0.766,
    0.7668,
    0.8254,
    0.6998,
    0.7083,
    0.7988,
    0.8477,
    0.6665,
    0.6986,
    0.6607,
    0.7223,
    0.7596,
    0.7708,
    0.7343,
    0.7352,
    0.6657,
    0.6782,
    0.7243,
    0.5984,
    0.6251,
    0.6761,
    0.7874,
    0.7816,
    0.6607,
    0.6888,
    0.7119,
    0.6763,
    0.6635,
    0.6947,
    0.7019,
    0.632,
    0.6418,
    0.7621,
    0.6175,
    0.6528,
    0.6882,
    0.6568,
    0.6609,
    0.6736,
    0.5674,
    0.6951,
    0.6131,
    0.6163,
    0.7419,
    0.5991,
    0.6445,
    0.6814,
    0.6492,
    0.6835,
    0.6221,
    0.606,
    0.6201,
    0.5827,
    0.5717,
    0.5956,
    0.6007,
    0.6343,
    0.5866,
    0.6862,
    0.6716,
    0.6354,
    0.6387,
    0.5915,
    0.6163,
    0.6481,
    0.6824,
    0.5494,
    0.633,
    0.6187,
    0.6476,
    0.6045,
    0.6132,
    0.6611,
    0.6576,
    0.6082,
    0.6134,
    0.6578,
    0.5731,
    0.694,
    0.6271,
    0.6932,
    0.6269,
    0.5849,
    0.6469,
    0.6182,
    0.6348,
    0.6136,
    0.6626,
    0.5567,
    0.5762,
    0.5576,
    0.5951,
    0.5299,
    0.6031,
    0.614,
    0.6033,
    0.5662,
    0.6423,
    0.6245,
    0.651,
    0.5704,
    0.5915,
    0.6508,
    0.5815,
    0.5638,
    0.6628,
    0.6796,
    0.6366,
    0.6075,
    0.6031,
    0.5878,
    0.5448,
    0.613,
    0.6255,
    0.5552,
    0.5964,
    0.6525,
    0.624,
    0.5822,
    0.5627,
    0.5229,
    0.5708,
    0.5889,
    0.5036,
    0.7207,
    0.4917,
    0.5701,
    0.5551,
    0.5863
  ],
  "learning_rate": [
    0.0,
    4e-05,
    8e-05,
    0.00012,
    0.00016,
    0.0002,
    0.0001999744599547812,
    0.00019989785286500295,
    0.00019977021786163598,
    0.00019959162014075553,
    0.00019936215093023884,
    0.0001990819274431662,
    0.00019875109281794825,
    0.00019836981604521076,
    0.00019793829188147406,
    0.0001974567407496712,
    0.00019692540862655585,
    0.00019634456691705702,
    0.00019571451231564525,
    0.00019503556665478067,
    0.00019430807674052092,
    0.00019353241417537214,
    0.00019270897516847403,
    0.00019183818033321614,
    0.00019092047447238773,
    0.0001899563263509725,
    0.00018894622845670283,
    0.0001878906967484966,
    0.00018679027039290497,
    0.00018564551148870563,
    0.00018445700477978205,
    0.00018322535735643605,
    0.00018195119834528534,
    0.00018063517858790516,
    0.00017927797030837768,
    0.00017788026676991963,
    0.0001764427819207624,
    0.000174966250029467,
    0.00017345142530985887,
    0.00017189908153577473,
    0.00017031001164581828,
    0.00016868502733832644,
    0.0001670249586567531,
    0.00016533065356568206,
    0.0001636029775176862,
    0.0001618428130112533,
    0.00016005105914000507,
    0.00015822863113343935,
    0.0001563764598894301,
    0.00015449549149872376,
    0.00015258668676167546,
    0.00015065102069747118,
    0.000148689482046087,
    0.0001467030727632401,
    0.00014469280750858854,
    0.00014265971312744252,
    0.00014060482812625055,
    0.00013852920214212964,
    0.00013643389540670962,
    0.00013431997820456592,
    0.0001321885303265172,
    0.0001300406405180671,
    0.0001278774059232723,
    0.00012569993152432028,
    0.0001235093295771032,
    0.0001213067190430769,
    0.00011909322501769406,
    0.00011686997815570473,
    0.00011463811409361667,
    0.00011239877286961122,
    0.00011015309834121081,
    0.00010790223760099549,
    0.00010564734039066699,
    0.00010338955851375962,
    0.00010113004524729799,
    9.886995475270205e-05,
    9.661044148624037e-05,
    9.435265960933302e-05,
    9.209776239900453e-05,
    8.984690165878921e-05,
    8.760122713038881e-05,
    8.536188590638334e-05,
    8.313002184429529e-05,
    8.090677498230596e-05,
    7.869328095692312e-05,
    7.64906704228968e-05,
    7.430006847567972e-05,
    7.21225940767277e-05,
    6.995935948193294e-05,
    6.781146967348284e-05,
    6.568002179543409e-05,
    6.356610459329038e-05,
    6.147079785787038e-05,
    5.93951718737495e-05,
    5.734028687255751e-05,
    5.530719249141147e-05,
    5.329692723675994e-05,
    5.131051795391302e-05,
    4.934897930252886e-05,
    4.741331323832454e-05,
    4.550450850127625e-05,
    4.362354011056993e-05,
    4.1771368866560665e-05,
    3.9948940859994966e-05,
    3.815718698874672e-05,
    3.6397022482313805e-05,
    3.466934643431794e-05,
    3.2975041343246936e-05,
    3.131497266167357e-05,
    2.968998835418174e-05,
    2.81009184642253e-05,
    2.6548574690141125e-05,
    2.5033749970533015e-05,
    2.355721807923761e-05,
    2.2119733230080408e-05,
    2.0722029691622336e-05,
    1.9364821412094857e-05,
    1.8048801654714688e-05,
    1.6774642643563963e-05,
    1.554299522021796e-05,
    1.4354488511294417e-05,
    1.3209729607095023e-05,
    1.2109303251503434e-05,
    1.1053771543297198e-05,
    1.0043673649027518e-05,
    9.07952552761232e-06,
    8.161819666783888e-06,
    7.291024831525961e-06,
    6.467585824627887e-06,
    5.691923259479093e-06,
    4.964433345219355e-06,
    4.285487684354772e-06,
    3.655433082942972e-06,
    3.0745913734441355e-06,
    2.5432592503288e-06,
    2.0617081185259512e-06,
    1.6301839547892328e-06,
    1.2489071820517396e-06,
    9.180725568338044e-07,
    6.378490697611761e-07,
    4.0837985924448984e-07,
    2.2978213836400975e-07,
    1.0214713499706597e-07,
    2.5540045218819253e-08
  ],