{
  "train_loss": [
    0.8911,
    1.0185,
    1.0803,
    1.1018,
    0.8615,
    0.9035,
    0.9476,
    0.9401,
    0.7959,
    0.8127,
    0.9161,
    0.8517,
    0.657,
    0.6453,
    0.7502,
    0.7089,
    0.6441,
    0.6515,
    0.6785,
    0.7381,
    0.5816,
    0.6045,
    0.6564,
    0.6798,
    0.548,
    0.6363,
    0.7476,
    0.6292,
    0.5726,
    0.6322,
    0.5983,
    0.6436,
    0.5988,
    0.6388,
    0.5974,
    0.6808,
    0.6287,
    0.6112,
    0.6518,
    0.6364,
    0.5648,
    0.5682,
    0.6062,
    0.5563,
    0.5215,
    0.5349,
    0.6043,
    0.5982,
    0.5312,
    0.6716,
    0.7248,
    0.6256,
    0.5563,
    0.6019,
    0.5495,
    0.6559,
    0.6089,
    0.5892,
    0.6287,
    0.6291
  ],
  "epoch": [
    0.051118210862619806,
    0.10223642172523961,
    0.15335463258785942,
    0.20447284345047922,
    0.25559105431309903,
    0.30670926517571884,
    0.35782747603833864,
    0.40894568690095845,
    0.46006389776357826,
    0.5111821086261981,
    0.5623003194888179,
    0.6134185303514377,
    0.6645367412140575,
    0.7156549520766773,
    0.7667731629392971,
    0.8178913738019169,
    0.8690095846645367,
    0.9201277955271565,
    0.9712460063897763,
    1.0,
    1.0511182108626198,
    1.1022364217252396,
    1.1533546325878594,
    1.2044728434504792,
    1.255591054313099,
    1.3067092651757188,
    1.3578274760383386,
    1.4089456869009584,
    1.4600638977635783,
    1.511182108626198,
    1.5623003194888179,
    1.6134185303514377,
    1.6645367412140575,
    1.7156549520766773,
    1.766773162939297,
    1.817891373801917,
    1.8690095846645367,
    1.9201277955271565,
    1.9712460063897763,
    2.0,
    2.0511182108626196,
    2.1022364217252396,
    2.1533546325878596,
    2.2044728434504792,
    2.255591054313099,
    2.306709265175719,
    2.357827476038339,
    2.4089456869009584,
    2.460063897763578,
    2.511182108626198,
    2.562300319488818,
    2.6134185303514377,
    2.6645367412140573,
    2.7156549520766773,
    2.7667731629392973,
    2.817891373801917,
    2.8690095846645365,
    2.9201277955271565,
    2.9712460063897765,
    3.0
  ],
  "step": [
    1,
    2,
    3,
    4,
    5,
    6,
    7,
    8,
    9,
    10,
    11,
    12,
    13,
    14,
    15,
    16,
    17,
    18,
    19,
    20,
    21,
    22,
    23,
    24,
    25,
    26,
    27,
    28,
    29,
    30,
    31,
    32,
    33,
    34,
    35,
    36,
    37,
    38,
    39,
    40,
    41,
    42,
    43,
    44,
    45,
    46,
    47,
    48,
    49,
    50,
    51,
    52,
    53,
    54,
    55,
    56,
    57,
    58,
    59,
    60
  ]
}