{
  "train_loss": [
    2.6923,
    2.2975,
    2.5887,
    3.1223,
    3.1469,
    3.6748,
    2.8298,
    2.8413,
    2.2061,
    2.0697,
    2.2159,
    1.6615,
    2.1581,
    1.7972,
    1.674,
    1.6035,
    1.5637,
    1.4299,
    1.6001,
    1.3611,
    1.4261,
    1.4979,
    1.2024,
    1.4271,
    1.226,
    1.2122,
    1.1947,
    1.2423,
    1.2416,
    1.1305,
    1.225,
    1.1647,
    1.156,
    0.9543,
    1.121,
    1.1132,
    1.1537,
    1.1485,
    1.0604,
    1.0386,
    1.1004,
    1.0788,
    1.0792,
    1.1579,
    1.0636,
    0.9533,
    0.9884,
    1.1484,
    0.9184,
    1.044,
    1.0154,
    0.9777,
    0.9778,
    0.9035,
    1.05,
    1.0113,
    0.9884,
    0.9558,
    1.1376,
    0.9626,
    0.8876,
    1.0099,
    0.9893,
    0.9202,
    0.9409,
    0.8907,
    0.8555,
    0.9253,
    0.9637,
    0.9476,
    0.857,
    0.9611,
    0.8574,
    0.8906,
    0.9147,
    0.9952,
    0.9316,
    0.922,
    0.9423,
    0.9064,
    1.0428,
    0.7592,
    0.9753,
    0.8638,
    0.9497,
    0.9633,
    0.9563,
    0.9863,
    0.8623,
    0.915,
    0.8757,
    0.9754,
    0.8252,
    1.0165,
    0.885,
    0.9771,
    0.9216,
    0.857,
    0.9249,
    0.8778,
    0.9479,
    0.9275,
    0.8767,
    0.8618,
    0.8344,
    0.9041,
    0.9256,
    0.7248,
    0.9493,
    0.789,
    0.8629,
    0.8776,
    0.9346,
    0.9778,
    0.8836,
    0.9086,
    0.8536,
    0.9555,
    0.8632,
    0.8992,
    0.9061,
    0.8972,
    0.9418,
    0.9365,
    0.9013,
    0.8078,
    0.8684,
    0.9517,
    0.9096,
    0.7971,
    0.8817,
    0.9028,
    0.8986,
    0.9232,
    0.783,
    0.7952,
    0.8483,
    0.8592,
    0.8076,
    1.0484,
    0.7419,
    0.8807,
    0.8142,
    0.8873
  ],
  "epoch": [
    0.021136063408190225,
    0.04227212681638045,
    0.06340819022457067,
    0.0845442536327609,
    0.10568031704095113,
    0.12681638044914134,
    0.14795244385733158,
    0.1690885072655218,
    0.190224570673712,
    0.21136063408190225,
    0.23249669749009247,
    0.2536327608982827,
    0.2747688243064729,
    0.29590488771466317,
    0.31704095112285335,
    0.3381770145310436,
    0.35931307793923384,
    0.380449141347424,
    0.40158520475561427,
    0.4227212681638045,
    0.4438573315719947,
    0.46499339498018494,
    0.4861294583883752,
    0.5072655217965654,
    0.5284015852047557,
    0.5495376486129459,
    0.570673712021136,
    0.5918097754293263,
    0.6129458388375165,
    0.6340819022457067,
    0.655217965653897,
    0.6763540290620872,
    0.6974900924702774,
    0.7186261558784677,
    0.7397622192866579,
    0.760898282694848,
    0.7820343461030383,
    0.8031704095112285,
    0.8243064729194187,
    0.845442536327609,
    0.8665785997357992,
    0.8877146631439894,
    0.9088507265521797,
    0.9299867899603699,
    0.9511228533685601,
    0.9722589167767504,
    0.9933949801849405,
    1.0,
    1.0211360634081903,
    1.0422721268163804,
    1.0634081902245707,
    1.084544253632761,
    1.105680317040951,
    1.1268163804491413,
    1.1479524438573316,
    1.1690885072655217,
    1.190224570673712,
    1.2113606340819023,
    1.2324966974900924,
    1.2536327608982827,
    1.274768824306473,
    1.2959048877146633,
    1.3170409511228534,
    1.3381770145310437,
    1.359313077939234,
    1.380449141347424,
    1.4015852047556143,
    1.4227212681638046,
    1.4438573315719947,
    1.464993394980185,
    1.4861294583883753,
    1.5072655217965654,
    1.5284015852047557,
    1.549537648612946,
    1.570673712021136,
    1.5918097754293263,
    1.6129458388375166,
    1.6340819022457067,
    1.655217965653897,
    1.6763540290620873,
    1.6974900924702774,
    1.7186261558784677,
    1.739762219286658,
    1.760898282694848,
    1.7820343461030383,
    1.8031704095112286,
    1.8243064729194187,
    1.845442536327609,
    1.8665785997357993,
    1.8877146631439894,
    1.9088507265521797,
    1.92998678996037,
    1.95112285336856,
    1.9722589167767504,
    1.9933949801849407,
    2.0,
    2.02113606340819,
    2.0422721268163806,
    2.0634081902245707,
    2.0845442536327607,
    2.1056803170409513,
    2.1268163804491413,
    2.1479524438573314,
    2.169088507265522,
    2.190224570673712,
    2.211360634081902,
    2.2324966974900926,
    2.2536327608982827,
    2.2747688243064728,
    2.2959048877146633,
    2.3170409511228534,
    2.3381770145310434,
    2.359313077939234,
    2.380449141347424,
    2.401585204755614,
    2.4227212681638046,
    2.4438573315719947,
    2.4649933949801848,
    2.4861294583883753,
    2.5072655217965654,
    2.5284015852047554,
    2.549537648612946,
    2.570673712021136,
    2.5918097754293266,
    2.6129458388375166,
    2.6340819022457067,
    2.655217965653897,
    2.6763540290620873,
    2.6974900924702774,
    2.718626155878468,
    2.739762219286658,
    2.760898282694848,
    2.782034346103038,
    2.8031704095112286,
    2.8243064729194187,
    2.8454425363276092,
    2.8665785997357993,
    2.8877146631439894,
    2.9088507265521795,
    2.92998678996037,
    2.95112285336856,
    2.9722589167767506,
    2.9933949801849407,
    3.0
  ],
  "step": [
    1,
    2,
    3,
    4,
    5,
    6,
    7,
    8,
    9,
    10,
    11,
    12,
    13,
    14,
    15,
    16,
    17,
    18,
    19,
    20,
    21,
    22,
    23,
    24,
    25,
    26,
    27,
    28,
    29,
    30,
    31,
    32,
    33,
    34,
    35,
    36,
    37,
    38,
    39,
    40,
    41,
    42,
    43,
    44,
    45,
    46,
    47,
    48,
    49,
    50,
    51,
    52,
    53,
    54,
    55,
    56,
    57,
    58,
    59,
    60,
    61,
    62,
    63,
    64,
    65,
    66,
    67,
    68,
    69,
    70,
    71,
    72,
    73,
    74,
    75,
    76,
    77,
    78,
    79,
    80,
    81,
    82,
    83,
    84,
    85,
    86,
    87,
    88,
    89,
    90,
    91,
    92,
    93,
    94,
    95,
    96,
    97,
    98,
    99,
    100,
    101,
    102,
    103,
    104,
    105,
    106,
    107,
    108,
    109,
    110,
    111,
    112,
    113,
    114,
    115,
    116,
    117,
    118,
    119,
    120,
    121,
    122,
    123,
    124,
    125,
    126,
    127,
    128,
    129,
    130,
    131,
    132,
    133,
    134,
    135,
    136,
    137,
    138,
    139,
    140,
    141,
    142,
    143,
    144
  ]
}