{
  "train_loss": [
    0.9897,
    0.9885,
    1.0521,
    1.0446,
    1.071,
    1.005,
    0.9872,
    1.0447,
    0.9097,
    0.9568,
    1.021,
    0.6782,
    0.8092,
    0.809,
    0.7872,
    0.7657,
    0.7665,
    0.8254,
    0.6997,
    0.7078,
    0.7984,
    0.8475,
    0.6664,
    0.6983,
    0.6602,
    0.7221,
    0.7592,
    0.7706,
    0.7342,
    0.7352,
    0.6655,
    0.6785,
    0.7241,
    0.5991,
    0.6252,
    0.6765,
    0.7871,
    0.7817,
    0.6612,
    0.6889,
    0.7123,
    0.6768,
    0.6635,
    0.6951,
    0.7021,
    0.6321,
    0.642,
    0.7613,
    0.6179,
    0.6526,
    0.6882,
    0.6567,
    0.6616,
    0.6736,
    0.5677,
    0.695,
    0.6133,
    0.6161,
    0.7416,
    0.5992,
    0.6447,
    0.682,
    0.6493,
    0.6834,
    0.6221,
    0.6055,
    0.6205,
    0.5822,
    0.572,
    0.5955,
    0.6005,
    0.6337,
    0.5864,
    0.6863,
    0.6719,
    0.6358,
    0.639,
    0.5914,
    0.6165,
    0.6479,
    0.6831,
    0.55,
    0.6332,
    0.6186,
    0.6477,
    0.6046,
    0.6128,
    0.6609,
    0.658,
    0.6085,
    0.6134,
    0.6581,
    0.5731,
    0.6942,
    0.6274,
    0.6936,
    0.6272,
    0.5845,
    0.6471,
    0.6185,
    0.6351,
    0.6136,
    0.6626,
    0.5569,
    0.5765,
    0.5578,
    0.5954,
    0.5301,
    0.6033,
    0.6142,
    0.604,
    0.5662,
    0.6421,
    0.6245,
    0.6515,
    0.5704,
    0.5919,
    0.6512,
    0.5819,
    0.5638,
    0.6633,
    0.6796,
    0.637,
    0.6081,
    0.6033,
    0.5873,
    0.545,
    0.6129,
    0.6249,
    0.5556,
    0.5967,
    0.6526,
    0.6243,
    0.5825,
    0.5627,
    0.5225,
    0.5706,
    0.5888,
    0.504,
    0.7207,
    0.4918,
    0.5702,
    0.5553,
    0.5859
  ],
  "epoch": [
    0.021136063408190225,
    0.04227212681638045,
    0.06340819022457067,
    0.0845442536327609,
    0.10568031704095113,
    0.12681638044914134,
    0.14795244385733158,
    0.1690885072655218,
    0.190224570673712,
    0.21136063408190225,
    0.23249669749009247,
    0.2536327608982827,
    0.2747688243064729,
    0.29590488771466317,
    0.31704095112285335,
    0.3381770145310436,
    0.35931307793923384,
    0.380449141347424,
    0.40158520475561427,
    0.4227212681638045,
    0.4438573315719947,
    0.46499339498018494,
    0.4861294583883752,
    0.5072655217965654,
    0.5284015852047557,
    0.5495376486129459,
    0.570673712021136,
    0.5918097754293263,
    0.6129458388375165,
    0.6340819022457067,
    0.655217965653897,
    0.6763540290620872,
    0.6974900924702774,
    0.7186261558784677,
    0.7397622192866579,
    0.760898282694848,
    0.7820343461030383,
    0.8031704095112285,
    0.8243064729194187,
    0.845442536327609,
    0.8665785997357992,
    0.8877146631439894,
    0.9088507265521797,
    0.9299867899603699,
    0.9511228533685601,
    0.9722589167767504,
    0.9933949801849405,
    1.0,
    1.0211360634081903,
    1.0422721268163804,
    1.0634081902245707,
    1.084544253632761,
    1.105680317040951,
    1.1268163804491413,
    1.1479524438573316,
    1.1690885072655217,
    1.190224570673712,
    1.2113606340819023,
    1.2324966974900924,
    1.2536327608982827,
    1.274768824306473,
    1.2959048877146633,
    1.3170409511228534,
    1.3381770145310437,
    1.359313077939234,
    1.380449141347424,
    1.4015852047556143,
    1.4227212681638046,
    1.4438573315719947,
    1.464993394980185,
    1.4861294583883753,
    1.5072655217965654,
    1.5284015852047557,
    1.549537648612946,
    1.570673712021136,
    1.5918097754293263,
    1.6129458388375166,
    1.6340819022457067,
    1.655217965653897,
    1.6763540290620873,
    1.6974900924702774,
    1.7186261558784677,
    1.739762219286658,
    1.760898282694848,
    1.7820343461030383,
    1.8031704095112286,
    1.8243064729194187,
    1.845442536327609,
    1.8665785997357993,
    1.8877146631439894,
    1.9088507265521797,
    1.92998678996037,
    1.95112285336856,
    1.9722589167767504,
    1.9933949801849407,
    2.0,
    2.02113606340819,
    2.0422721268163806,
    2.0634081902245707,
    2.0845442536327607,
    2.1056803170409513,
    2.1268163804491413,
    2.1479524438573314,
    2.169088507265522,
    2.190224570673712,
    2.211360634081902,
    2.2324966974900926,
    2.2536327608982827,
    2.2747688243064728,
    2.2959048877146633,
    2.3170409511228534,
    2.3381770145310434,
    2.359313077939234,
    2.380449141347424,
    2.401585204755614,
    2.4227212681638046,
    2.4438573315719947,
    2.4649933949801848,
    2.4861294583883753,
    2.5072655217965654,
    2.5284015852047554,
    2.549537648612946,
    2.570673712021136,
    2.5918097754293266,
    2.6129458388375166,
    2.6340819022457067,
    2.655217965653897,
    2.6763540290620873,
    2.6974900924702774,
    2.718626155878468,
    2.739762219286658,
    2.760898282694848,
    2.782034346103038,
    2.8031704095112286,
    2.8243064729194187,
    2.8454425363276092,
    2.8665785997357993,
    2.8877146631439894,
    2.9088507265521795,
    2.92998678996037,
    2.95112285336856,
    2.9722589167767506,
    2.9933949801849407,
    3.0
  ],
  "step": [
    1,
    2,
    3,
    4,
    5,
    6,
    7,
    8,
    9,
    10,
    11,
    12,
    13,
    14,
    15,
    16,
    17,
    18,
    19,
    20,
    21,
    22,
    23,
    24,
    25,
    26,
    27,
    28,
    29,
    30,
    31,
    32,
    33,
    34,
    35,
    36,
    37,
    38,
    39,
    40,
    41,
    42,
    43,
    44,
    45,
    46,
    47,
    48,
    49,
    50,
    51,
    52,
    53,
    54,
    55,
    56,
    57,
    58,
    59,
    60,
    61,
    62,
    63,
    64,
    65,
    66,
    67,
    68,
    69,
    70,
    71,
    72,
    73,
    74,
    75,
    76,
    77,
    78,
    79,
    80,
    81,
    82,
    83,
    84,
    85,
    86,
    87,
    88,
    89,
    90,
    91,
    92,
    93,
    94,
    95,
    96,
    97,
    98,
    99,
    100,
    101,
    102,
    103,
    104,
    105,
    106,
    107,
    108,
    109,
    110,
    111,
    112,
    113,
    114,
    115,
    116,
    117,
    118,
    119,
    120,
    121,
    122,
    123,
    124,
    125,
    126,
    127,
    128,
    129,
    130,
    131,
    132,
    133,
    134,
    135,
    136,
    137,
    138,
    139,
    140,
    141,
    142,
    143,
    144
  ]
}